{
    "op1_create_user": 0.0605155729863327,
    "op2_read_user": 0.04848783800844103,
    "op3_update_user_stats": 0.029221335018519312,
    "op5_create_post_update_stats": 0.0424413479922805,
    "op4_delete_activity": 0.0015759140078444034,
    "op6_get_feed": 0.0016310529899783432,
    "op7_get_user_likes": 0.000512393016833812,
    "op8_search_hashtag": 0.044038621010258794,
    "op9_aggregate_type_count": 0.01578970398986712,
    "op10_schema_evolution": 0.054779248021077365,
    "total_time": 0.2989930270414334
}